company_name,domains,company_linkedin_url,source,notes
Abacus,abacus95.com,https://www.linkedin.com/company/abacus-search-staffing-llc/,DNC export 2026-09-29,
Airoi Inc.,airoi.com,https://www.linkedin.com/company/airoi,DNC export 2026-09-29,
Alcor,alcor.com,https://www.linkedin.com/company/alcor-bpo,tracking_clients client list,
American Data Solutions,mddv.com,https://www.linkedin.com/company/american-data-solutions,DNC export 2026-09-29,
Assist World,assistworld.com,https://www.linkedin.com/company/assistworld,DNC export 2026-09-29,Virtual assistant services
Astro Talent,astrotalent.com,https://www.linkedin.com/company/astrotalent,DNC export 2026-09-29,
Blu,bluselection.com,https://www.linkedin.com/company/bluselection,DNC export 2026-09-29,
Bluecat Investments,bluecatlandacquisitions.com,,tracking_clients client list,
Brain Payroll,brainpayroll.co.uk,https://www.linkedin.com/company/brainpayroll,tracking_clients client list,
Brick Executive Search,brickexecutivesearch.com,https://www.linkedin.com/company/brick-executive-search,DNC export 2026-09-29,
Brilliant Staffing,brilliantfs.com,https://www.linkedin.com/company/brilliant-staffing,DNC export 2026-09-29,Accounting/finance/IT staffing
Cobalt Recruitment,cobaltrecruitment.com,,tracking_clients client list,Blitz resolved the domain to an unrelated 10001+ company (Echo Cobalt Staffing); LinkedIn URL left blank on purpose
Core Group Resources,coregroupresources.com,https://www.linkedin.com/company/coregroupresources,DNC export 2026-09-29,Maritime/staffing - Houston
Coro,tiffanyotten.com,,tracking_clients client list,
Deepen AI,deepen.ai,https://www.linkedin.com/company/deepen-ai,DNC export 2026-09-29,
Drebcon Global Services private Limited,drebcon.com,https://www.linkedin.com/company/drebcon,DNC export 2026-09-29,
DTR Labs,digitaltoretail.com,https://www.linkedin.com/company/dtr-labs-tech,tracking_clients client list,
Epic Physician Staffing,epicphysicianstaffing.com,https://www.linkedin.com/company/epicphysicianstaffing,DNC export 2026-09-29,Healthcare/physician staffing
Epic Special Education Staffing,epicspecialeducationstaffing.com,https://www.linkedin.com/company/epic-special-education-staffing,DNC export 2026-09-29,
Excel Resourcing,excelresourcing.co.uk,https://www.linkedin.com/company/excel_resourcing_group_ltd,DNC export 2026-09-29,
Follow The Sun,followthesun.io,https://www.linkedin.com/company/followthesun,tracking_clients client list,
Forge Digital,forgedgtl.com,https://www.linkedin.com/company/forge-digital-inc/,DNC export 2026-09-29,
Garrison Flood Control,garrisonflood.com,https://www.linkedin.com/company/garrison-flood-control-systems-llc,DNC export 2026-09-29,Non-staffing client
Harrison Davies Partners,harrisondaviespartners.com,https://www.linkedin.com/company/harrison-davies-partners,tracking_clients client list,
Harrison Stone,harrisonstone.com,https://www.linkedin.com/company/harrison-stone-&-associates,DNC export 2026-09-29,Financial services exec search
ITS (Insurance Technology Services),insurancetechnologyservices.com,https://www.linkedin.com/company/its-insurance-technology-services,DNC export 2026-09-29,
JBL Resources,jblresources.com,https://www.linkedin.com/company/jbl-resources,tracking_clients client list,
Jeanny Consulting,jeannyconsulting.com,https://www.linkedin.com/company/jeanny-consulting,DNC export 2026-09-29,
Leah Yosef,leahyosef.com,https://www.linkedin.com/company/leah-yosef-international,DNC export 2026-09-29,
Local World Inc.,localworldinc.com,https://www.linkedin.com/company/localworldinc,DNC export 2026-09-29,SAP/Salesforce recruitment
Logix Inc.,logixinc.com,https://www.linkedin.com/company/logix-inc/,DNC export 2026-09-29,Kim Bradshaw
Long Holding Company,longholdco.com,https://www.linkedin.com/company/long-holding-company,tracking_clients client list,
Mastrovito Associates,mastrovitoassociates.com,https://www.linkedin.com/company/mastrovito-associates,DNC export 2026-09-29,Recruitment - defense/engineering
Meet Life Sciences,meetlifesciences.com,https://www.linkedin.com/company/meet,DNC export 2026-09-29,
Moving Up Recruiting,movinguprecruiting.com,https://www.linkedin.com/company/moving-up-recruiting-llc,tracking_clients client list,
Nextwo,nextwo.com,https://www.linkedin.com/company/nextwo.com,tracking_clients client list,
POSRG,posrg.com,https://www.linkedin.com/company/pos-remarketing-group,tracking_clients client list,
PTY TECH LLC,ptytechllc.com,https://www.linkedin.com/company/ptytech-llc,DNC export 2026-09-29,IT staffing
Quanta,quanta-i.com,https://www.linkedin.com/company/quanta-i,DNC export 2026-09-29,
ReCo Legal,jurisphere.ai,https://www.linkedin.com/company/jurisphere-ai,tracking_clients client list,
Reesmarx,reesmarx.com,https://www.linkedin.com/company/reesmarx,DNC export 2026-09-29,Global recruitment/expansion
Rolai,rolai.com,https://www.linkedin.com/company/rolai,tracking_clients client list,
Rosman Search,rosmansearch.com,https://www.linkedin.com/company/rosman-search,DNC export 2026-09-29,Physician recruitment
S3 Partners,s3partners.com,https://www.linkedin.com/company/s3-partners,DNC export 2026-09-29,
Search Intelligence Group,joinsig.com,https://www.linkedin.com/company/searchintelligencegroup,tracking_clients client list,
SecondDesk AI,seconddesk.ai,https://www.linkedin.com/company/seconddesk-ai,DNC export 2026-09-29,
Sensor Bio,biostrap.com;sensorbio.com,https://www.linkedin.com/company/sensorbio,DNC export 2026-09-29,
Sequel Search,sequelsearch.com,https://www.linkedin.com/company/sequel-search,DNC export 2026-09-29,
Sharpen HR,sharpenhr.com,https://www.linkedin.com/company/sharpenhr,tracking_clients client list,
Solutions Driven,solutionsdriven.com,https://www.linkedin.com/company/solutions-driven,DNC export 2026-09-29,Global recruitment - Glasgow HQ
Stor Server,storserver.com,https://www.linkedin.com/company/storserver,tracking_clients client list,
Sullivan Adventures LLC,jeannemsullivan.com,,DNC export 2026-09-29,
Super Recruiter,superrecruiter.io,https://www.linkedin.com/company/superrecruiterio,tracking_clients client list,
Talent Edge,talentedge.group,https://www.linkedin.com/company/talentedge,tracking_clients client list,
Teleion,teleion.com,https://www.linkedin.com/company/teleion-llc,tracking_clients client list,
The Matchstick Group,thematchstickgroup.com,https://www.linkedin.com/company/the-matchstick-group,tracking_clients client list,
The Rosenstein Group,rosensteingroup.com,https://www.linkedin.com/company/the-rosenstein-group/,DNC export 2026-09-29,Darrell Rosenstein
Thomas Taylor Partners (TTSP),thomastaylorpartners.co,https://www.linkedin.com/company/thomas-taylor-partners/,DNC export 2026-09-29,
Tiffany Otten,tiffanyotten.com,https://www.linkedin.com/company/tiffany-otten-consulting-llc/,DNC export 2026-09-29,
Trillium Construction,trilliumstaffing.com,https://www.linkedin.com/company/trillium-staffing-solutions,DNC export 2026-09-29,
Triumphus,triumphus.com,https://www.linkedin.com/company/triumphus/,DNC export 2026-09-29,
VNTANA,vntana.com,https://www.linkedin.com/company/vntana,DNC export 2026-09-29,
Weilliptic,weilliptic.ai,https://www.linkedin.com/company/weilliptic/,DNC export 2026-09-29,
Witzzy,witzzy.com,https://www.linkedin.com/company/witzzy,tracking_clients client list,
Zipdev,zipdev.com,https://www.linkedin.com/company/zipdev,tracking_clients client list,
