company_name,domain,linkedin_url,hq_city,hq_country,employee_count,estimated_revenue,industry,signal(s),qualified (yes/no),notes
Figma,figma.bot,https://www.linkedin.com/company/figma,San Francisco,United States,3137,"n/a (Blitz company-search does not return revenue per-row; filtered server-side via revenue.min=1,000,000)",Design Services,not assessed this run -- no fixed_signals defined yet for this vertical,no,"MISTAG: design SaaS/software tool, not a marketing/creative agency -- excluded despite matching 'Design Services' industry tag."
Publicis Groupe,publicisgroupe.com,https://www.linkedin.com/company/publicis-groupe,,France,41945,"n/a (Blitz company-search does not return revenue per-row; filtered server-side via revenue.min=1,000,000)",Advertising Services,not assessed this run -- no fixed_signals defined yet for this vertical,yes,Large global holding-company network -- included per widened-net instruction; note it will dominate any blanket people-search pull (see Progress Log).
VML,vml.com,https://www.linkedin.com/company/vml,New York,United States,30661,"n/a (Blitz company-search does not return revenue per-row; filtered server-side via revenue.min=1,000,000)",Advertising Services,not assessed this run -- no fixed_signals defined yet for this vertical,yes,Large global holding-company network -- included per widened-net instruction; note it will dominate any blanket people-search pull (see Progress Log).
Pantone,pantone.com,https://www.linkedin.com/company/pantone,Carlstadt,United States,438,"n/a (Blitz company-search does not return revenue per-row; filtered server-side via revenue.min=1,000,000)",Design Services,not assessed this run -- no fixed_signals defined yet for this vertical,yes,
Leo Burnett,leoburnett.com,https://www.linkedin.com/company/leo-burnett,Chicago,United States,6723,"n/a (Blitz company-search does not return revenue per-row; filtered server-side via revenue.min=1,000,000)",Advertising Services,not assessed this run -- no fixed_signals defined yet for this vertical,yes,
IPG Mediabrands,ipgmediabrands.com,https://www.linkedin.com/company/ipgmediabrands,New York,United States,8011,"n/a (Blitz company-search does not return revenue per-row; filtered server-side via revenue.min=1,000,000)",Advertising Services,not assessed this run -- no fixed_signals defined yet for this vertical,yes,Large global holding-company network -- included per widened-net instruction; note it will dominate any blanket people-search pull (see Progress Log).
IDEO,ideo.com,https://www.linkedin.com/company/ideo,San Francisco,United States,1449,"n/a (Blitz company-search does not return revenue per-row; filtered server-side via revenue.min=1,000,000)",Design Services,not assessed this run -- no fixed_signals defined yet for this vertical,yes,
Edelman,edelman.com,https://www.linkedin.com/company/edelman,New York,United States,6698,"n/a (Blitz company-search does not return revenue per-row; filtered server-side via revenue.min=1,000,000)",Public Relations and Communications Services,not assessed this run -- no fixed_signals defined yet for this vertical,yes,
McCann,mccann.com,https://www.linkedin.com/company/mccann,New York,United States,6329,"n/a (Blitz company-search does not return revenue per-row; filtered server-side via revenue.min=1,000,000)",Advertising Services,not assessed this run -- no fixed_signals defined yet for this vertical,yes,Large global holding-company network -- included per widened-net instruction; note it will dominate any blanket people-search pull (see Progress Log).
Epsilon,epsilon.com,https://www.linkedin.com/company/epsilon,Irving,United States,10336,"n/a (Blitz company-search does not return revenue per-row; filtered server-side via revenue.min=1,000,000)",Advertising Services,not assessed this run -- no fixed_signals defined yet for this vertical,yes,
Weber Shandwick,webershandwick.com,https://www.linkedin.com/company/weber-shandwick,New York,United States,4044,"n/a (Blitz company-search does not return revenue per-row; filtered server-side via revenue.min=1,000,000)",Public Relations and Communications Services,not assessed this run -- no fixed_signals defined yet for this vertical,yes,
YouGov,yougov.com,https://www.linkedin.com/company/yougov,London,United Kingdom,4683,"n/a (Blitz company-search does not return revenue per-row; filtered server-side via revenue.min=1,000,000)",Market Research,not assessed this run -- no fixed_signals defined yet for this vertical,yes,
Pentagram,pentagram.com,https://www.linkedin.com/company/pentagram,London,United Kingdom,739,"n/a (Blitz company-search does not return revenue per-row; filtered server-side via revenue.min=1,000,000)",Design Services,not assessed this run -- no fixed_signals defined yet for this vertical,yes,
HDR,hdrinc.com,https://www.linkedin.com/company/hdr,Omaha,United States,17903,"n/a (Blitz company-search does not return revenue per-row; filtered server-side via revenue.min=1,000,000)",Design Services,not assessed this run -- no fixed_signals defined yet for this vertical,yes,Large global holding-company network -- included per widened-net instruction; note it will dominate any blanket people-search pull (see Progress Log).
Grey,grey.com,https://www.linkedin.com/company/grey,New York,United States,2912,"n/a (Blitz company-search does not return revenue per-row; filtered server-side via revenue.min=1,000,000)",Advertising Services,not assessed this run -- no fixed_signals defined yet for this vertical,yes,
Omnicom,omc.com,https://www.linkedin.com/company/omnicom,New York,United States,8518,"n/a (Blitz company-search does not return revenue per-row; filtered server-side via revenue.min=1,000,000)",Advertising Services,not assessed this run -- no fixed_signals defined yet for this vertical,yes,Large global holding-company network -- included per widened-net instruction; note it will dominate any blanket people-search pull (see Progress Log).
Mindshare,mindshareworld.com,https://www.linkedin.com/company/mindshare,London,United Kingdom,6718,"n/a (Blitz company-search does not return revenue per-row; filtered server-side via revenue.min=1,000,000)",Advertising Services,not assessed this run -- no fixed_signals defined yet for this vertical,yes,
Ddb,ddb.com,https://www.linkedin.com/company/ddb,New York,United States,7466,"n/a (Blitz company-search does not return revenue per-row; filtered server-side via revenue.min=1,000,000)",Advertising Services,not assessed this run -- no fixed_signals defined yet for this vertical,yes,
Wieden Kennedy,wk.com,https://www.linkedin.com/company/wieden---kennedy,Portland,United States,1686,"n/a (Blitz company-search does not return revenue per-row; filtered server-side via revenue.min=1,000,000)",Advertising Services,not assessed this run -- no fixed_signals defined yet for this vertical,yes,
天联广告公司,bbdo.com,https://www.linkedin.com/company/bbdo,New York,United States,1960,"n/a (Blitz company-search does not return revenue per-row; filtered server-side via revenue.min=1,000,000)",Advertising Services,not assessed this run -- no fixed_signals defined yet for this vertical,yes,
Wunderman Thompson,wundermanthompson.com,https://www.linkedin.com/company/wunderman-thompson-,New York,United States,2130,"n/a (Blitz company-search does not return revenue per-row; filtered server-side via revenue.min=1,000,000)",Advertising Services,not assessed this run -- no fixed_signals defined yet for this vertical,yes,Large global holding-company network -- included per widened-net instruction; note it will dominate any blanket people-search pull (see Progress Log).
Hill & Knowlton,hillandknowlton.com,https://www.linkedin.com/company/hillandknowlton,,United States,2275,"n/a (Blitz company-search does not return revenue per-row; filtered server-side via revenue.min=1,000,000)",Public Relations and Communications Services,not assessed this run -- no fixed_signals defined yet for this vertical,yes,
Mediacom,essencemediacom.com,https://www.linkedin.com/company/mediacom,London,United Kingdom,4672,"n/a (Blitz company-search does not return revenue per-row; filtered server-side via revenue.min=1,000,000)",Advertising Services,not assessed this run -- no fixed_signals defined yet for this vertical,yes,
INFUSE,infuse.com,https://www.linkedin.com/company/infuse,Boca Raton,United States,823,"n/a (Blitz company-search does not return revenue per-row; filtered server-side via revenue.min=1,000,000)",Marketing Services,not assessed this run -- no fixed_signals defined yet for this vertical,yes,
Informa Markets,informamarkets.com,https://www.linkedin.com/company/informamarkets,London,United Kingdom,3225,"n/a (Blitz company-search does not return revenue per-row; filtered server-side via revenue.min=1,000,000)",Events Services,not assessed this run -- no fixed_signals defined yet for this vertical,yes,
VaynerMedia,vaynermedia.com,https://www.linkedin.com/company/vaynermedia,New York,United States,1408,"n/a (Blitz company-search does not return revenue per-row; filtered server-side via revenue.min=1,000,000)",Advertising Services,not assessed this run -- no fixed_signals defined yet for this vertical,yes,
Havas Group,havas.com,https://www.linkedin.com/company/havas,Puteaux,France,11022,"n/a (Blitz company-search does not return revenue per-row; filtered server-side via revenue.min=1,000,000)",Advertising Services,not assessed this run -- no fixed_signals defined yet for this vertical,yes,Large global holding-company network -- included per widened-net instruction; note it will dominate any blanket people-search pull (see Progress Log).
Starcom,starcomww.com,https://www.linkedin.com/company/starcom1,Chicago,United States,5606,"n/a (Blitz company-search does not return revenue per-row; filtered server-side via revenue.min=1,000,000)",Advertising Services,not assessed this run -- no fixed_signals defined yet for this vertical,yes,
Cannes Lions International Festival Of Creativity,canneslions.com,https://www.linkedin.com/company/cannes-lions-international-advertising-festival,London,United Kingdom,414,"n/a (Blitz company-search does not return revenue per-row; filtered server-side via revenue.min=1,000,000)",Advertising Services,not assessed this run -- no fixed_signals defined yet for this vertical,yes,
JCDecaux,jcdecaux.com,https://www.linkedin.com/company/jcdecaux,Neuilly-Sur-Seine,France,6369,"n/a (Blitz company-search does not return revenue per-row; filtered server-side via revenue.min=1,000,000)",Advertising Services,not assessed this run -- no fixed_signals defined yet for this vertical,yes,Large global holding-company network -- included per widened-net instruction; note it will dominate any blanket people-search pull (see Progress Log).
Criteo,bit.ly,https://www.linkedin.com/company/criteo,Paris,France,3971,"n/a (Blitz company-search does not return revenue per-row; filtered server-side via revenue.min=1,000,000)",Advertising Services,not assessed this run -- no fixed_signals defined yet for this vertical,yes,
Accenture Song,accenture.com,https://www.linkedin.com/company/accenture-song,,United States,10126,"n/a (Blitz company-search does not return revenue per-row; filtered server-side via revenue.min=1,000,000)",Marketing Services,not assessed this run -- no fixed_signals defined yet for this vertical,yes,
TBWA\Worldwide,tbwa.com,https://www.linkedin.com/company/tbwa,New York,United States,10267,"n/a (Blitz company-search does not return revenue per-row; filtered server-side via revenue.min=1,000,000)",Advertising Services,not assessed this run -- no fixed_signals defined yet for this vertical,yes,Large global holding-company network -- included per widened-net instruction; note it will dominate any blanket people-search pull (see Progress Log).
AKQA,akqa.com,https://www.linkedin.com/company/akqa,San Francisco,United States,1834,"n/a (Blitz company-search does not return revenue per-row; filtered server-side via revenue.min=1,000,000)",Design Services,not assessed this run -- no fixed_signals defined yet for this vertical,yes,
RH,rh.com,https://www.linkedin.com/company/rh1,Corte Madera,United States,6637,"n/a (Blitz company-search does not return revenue per-row; filtered server-side via revenue.min=1,000,000)",Design Services,not assessed this run -- no fixed_signals defined yet for this vertical,yes,
Digitas North America,digitas.com,https://www.linkedin.com/company/digitas-north-america,Boston,United States,2653,"n/a (Blitz company-search does not return revenue per-row; filtered server-side via revenue.min=1,000,000)",Advertising Services,not assessed this run -- no fixed_signals defined yet for this vertical,yes,
Infiniti Research Ltd.,infinitiresearch.com,https://www.linkedin.com/company/infiniti-research,London,United Kingdom,580,"n/a (Blitz company-search does not return revenue per-row; filtered server-side via revenue.min=1,000,000)",Market Research,not assessed this run -- no fixed_signals defined yet for this vertical,yes,
Designit,designit.com,https://www.linkedin.com/company/designit,Copenhagen,Denmark,1648,"n/a (Blitz company-search does not return revenue per-row; filtered server-side via revenue.min=1,000,000)",Design Services,not assessed this run -- no fixed_signals defined yet for this vertical,yes,
OMD,omd.com,https://www.linkedin.com/company/omd,New York,United States,4159,"n/a (Blitz company-search does not return revenue per-row; filtered server-side via revenue.min=1,000,000)",Advertising Services,not assessed this run -- no fixed_signals defined yet for this vertical,yes,Large global holding-company network -- included per widened-net instruction; note it will dominate any blanket people-search pull (see Progress Log).
Interpublic Group (IPG),omc.com,https://www.linkedin.com/company/ipg,New York,United States,2545,"n/a (Blitz company-search does not return revenue per-row; filtered server-side via revenue.min=1,000,000)",Advertising Services,not assessed this run -- no fixed_signals defined yet for this vertical,yes,Large global holding-company network -- included per widened-net instruction; note it will dominate any blanket people-search pull (see Progress Log).
Carat,carat.com,https://www.linkedin.com/company/carat,London,United Kingdom,2316,"n/a (Blitz company-search does not return revenue per-row; filtered server-side via revenue.min=1,000,000)",Advertising Services,not assessed this run -- no fixed_signals defined yet for this vertical,yes,
Ux Design Awards,ux-design-awards.com,https://www.linkedin.com/company/ux-design-awards,Berlin,Germany,95,"n/a (Blitz company-search does not return revenue per-row; filtered server-side via revenue.min=1,000,000)",Design Services,not assessed this run -- no fixed_signals defined yet for this vertical,yes,
Toluna,tolunacorporate.com,https://www.linkedin.com/company/toluna,London,United Kingdom,3227,"n/a (Blitz company-search does not return revenue per-row; filtered server-side via revenue.min=1,000,000)",Market Research,not assessed this run -- no fixed_signals defined yet for this vertical,yes,
Droga5,droga5.com,https://www.linkedin.com/company/droga5,New York,United States,532,"n/a (Blitz company-search does not return revenue per-row; filtered server-side via revenue.min=1,000,000)",Advertising Services,not assessed this run -- no fixed_signals defined yet for this vertical,yes,
Dynata,dynata.com,https://www.linkedin.com/company/dynataglobal,Shelton,United States,4810,"n/a (Blitz company-search does not return revenue per-row; filtered server-side via revenue.min=1,000,000)",Market Research,not assessed this run -- no fixed_signals defined yet for this vertical,yes,
Initiative,initiative.com,https://www.linkedin.com/company/initiative,New York,United States,3120,"n/a (Blitz company-search does not return revenue per-row; filtered server-side via revenue.min=1,000,000)",Advertising Services,not assessed this run -- no fixed_signals defined yet for this vertical,yes,
Escalent,escalent.co,https://www.linkedin.com/company/thinkescalent,Livonia,United States,1326,"n/a (Blitz company-search does not return revenue per-row; filtered server-side via revenue.min=1,000,000)",Market Research,not assessed this run -- no fixed_signals defined yet for this vertical,yes,
Power Digital Marketing,powerdigitalmarketing.com,https://www.linkedin.com/company/powerdigitalmarketing,San Diego,United States,2448,"n/a (Blitz company-search does not return revenue per-row; filtered server-side via revenue.min=1,000,000)",Advertising Services,not assessed this run -- no fixed_signals defined yet for this vertical,yes,
Content Marketing Institute,contentmarketinginstitute.com,https://www.linkedin.com/company/content-marketing-institute,New York,United States,535,"n/a (Blitz company-search does not return revenue per-row; filtered server-side via revenue.min=1,000,000)",Advertising Services,not assessed this run -- no fixed_signals defined yet for this vertical,yes,
Isobar,dentsucreative.com,https://www.linkedin.com/company/isobar,London,United Kingdom,942,"n/a (Blitz company-search does not return revenue per-row; filtered server-side via revenue.min=1,000,000)",Advertising Services,not assessed this run -- no fixed_signals defined yet for this vertical,yes,
Klaviyo,klaviyo.com,https://www.linkedin.com/company/klaviyo,Boston,United States,3001,"n/a (Blitz company-search does not return revenue per-row; filtered server-side via revenue.min=1,000,000)",Marketing Services,not assessed this run -- no fixed_signals defined yet for this vertical,yes,
Octagon,octagon.com,https://www.linkedin.com/company/octagon,Stamford,United States,1450,"n/a (Blitz company-search does not return revenue per-row; filtered server-side via revenue.min=1,000,000)",Advertising Services,not assessed this run -- no fixed_signals defined yet for this vertical,yes,
Interbrand,interbrand.com,https://www.linkedin.com/company/interbrand,New York,United States,811,"n/a (Blitz company-search does not return revenue per-row; filtered server-side via revenue.min=1,000,000)",Advertising Services,not assessed this run -- no fixed_signals defined yet for this vertical,yes,
It\'s Nice That,itsnicethat.com,https://www.linkedin.com/company/it's-nice-that,London,United Kingdom,108,"n/a (Blitz company-search does not return revenue per-row; filtered server-side via revenue.min=1,000,000)",Design Services,not assessed this run -- no fixed_signals defined yet for this vertical,yes,
SGS & Co,sgsco.com,https://www.linkedin.com/company/sgsco,Louisville,United States,3064,"n/a (Blitz company-search does not return revenue per-row; filtered server-side via revenue.min=1,000,000)",Advertising Services,not assessed this run -- no fixed_signals defined yet for this vertical,yes,
Flywheel,flywheeldigital.com,https://www.linkedin.com/company/flywheel-digital,Baltimore,United States,2052,"n/a (Blitz company-search does not return revenue per-row; filtered server-side via revenue.min=1,000,000)",Advertising Services,not assessed this run -- no fixed_signals defined yet for this vertical,yes,
Teads,teads.com,https://www.linkedin.com/company/teads,New York,United States,1821,"n/a (Blitz company-search does not return revenue per-row; filtered server-side via revenue.min=1,000,000)",Advertising Services,not assessed this run -- no fixed_signals defined yet for this vertical,yes,
Wolff Olins,wolffolins.com,https://www.linkedin.com/company/wolff-olins,London,United Kingdom,202,"n/a (Blitz company-search does not return revenue per-row; filtered server-side via revenue.min=1,000,000)",Design Services,not assessed this run -- no fixed_signals defined yet for this vertical,yes,
Golin,golin.com,https://www.linkedin.com/company/golin,Chicago,United States,879,"n/a (Blitz company-search does not return revenue per-row; filtered server-side via revenue.min=1,000,000)",Public Relations and Communications Services,not assessed this run -- no fixed_signals defined yet for this vertical,yes,
Spiralyze,spiralyze.com,https://www.linkedin.com/company/spiralyze,Atlanta,United States,207,"n/a (Blitz company-search does not return revenue per-row; filtered server-side via revenue.min=1,000,000)",Marketing Services,not assessed this run -- no fixed_signals defined yet for this vertical,yes,
Ims Internet Media Services,imscorporate.com,https://www.linkedin.com/company/ims-inc-,Miami,United States,481,"n/a (Blitz company-search does not return revenue per-row; filtered server-side via revenue.min=1,000,000)",Advertising Services,not assessed this run -- no fixed_signals defined yet for this vertical,yes,
Flos,flos.com,https://www.linkedin.com/company/flos,Bovezzo,Italy,726,"n/a (Blitz company-search does not return revenue per-row; filtered server-side via revenue.min=1,000,000)",Design Services,not assessed this run -- no fixed_signals defined yet for this vertical,yes,
Bbh London,bartleboglehegarty.com,https://www.linkedin.com/company/bbh-london,London,United Kingdom,554,"n/a (Blitz company-search does not return revenue per-row; filtered server-side via revenue.min=1,000,000)",Advertising Services,not assessed this run -- no fixed_signals defined yet for this vertical,yes,
UM Worldwide,umww.com,https://www.linkedin.com/company/um-ww,New York,United States,2073,"n/a (Blitz company-search does not return revenue per-row; filtered server-side via revenue.min=1,000,000)",Advertising Services,not assessed this run -- no fixed_signals defined yet for this vertical,yes,
Annalect,annalect.com,https://www.linkedin.com/company/annalect-group,New York,United States,1271,"n/a (Blitz company-search does not return revenue per-row; filtered server-side via revenue.min=1,000,000)",Advertising Services,not assessed this run -- no fixed_signals defined yet for this vertical,yes,
Horizon Media,horizonmedia.com,https://www.linkedin.com/company/horizon-media,New York,United States,3165,"n/a (Blitz company-search does not return revenue per-row; filtered server-side via revenue.min=1,000,000)",Advertising Services,not assessed this run -- no fixed_signals defined yet for this vertical,yes,
Icon,icon.com,https://www.linkedin.com/company/icon,New York,United States,160,"n/a (Blitz company-search does not return revenue per-row; filtered server-side via revenue.min=1,000,000)",Advertising Services,not assessed this run -- no fixed_signals defined yet for this vertical,yes,
Buzzman,buzzman.eu,https://www.linkedin.com/company/buzzman,Paris,France,243,"n/a (Blitz company-search does not return revenue per-row; filtered server-side via revenue.min=1,000,000)",Advertising Services,not assessed this run -- no fixed_signals defined yet for this vertical,yes,
Bcw Global,bcw-global.com,https://www.linkedin.com/company/bcw-global,New York,United States,416,"n/a (Blitz company-search does not return revenue per-row; filtered server-side via revenue.min=1,000,000)",Public Relations and Communications Services,not assessed this run -- no fixed_signals defined yet for this vertical,yes,
Ketchum,ketchum.com,https://www.linkedin.com/company/ketchum,New York City,United States,694,"n/a (Blitz company-search does not return revenue per-row; filtered server-side via revenue.min=1,000,000)",Public Relations and Communications Services,not assessed this run -- no fixed_signals defined yet for this vertical,yes,
Metrixlab,metrixlab.com,https://www.linkedin.com/company/metrixlab,Rotterdam,Netherlands,663,"n/a (Blitz company-search does not return revenue per-row; filtered server-side via revenue.min=1,000,000)",Market Research,not assessed this run -- no fixed_signals defined yet for this vertical,yes,
Superside,superside.com,https://www.linkedin.com/company/superside,Wilmington,United States,1061,"n/a (Blitz company-search does not return revenue per-row; filtered server-side via revenue.min=1,000,000)",Design Services,not assessed this run -- no fixed_signals defined yet for this vertical,yes,
BCD Meetings & Events,bcdme.com,https://www.linkedin.com/company/bcdme,Chicago,United States,2660,"n/a (Blitz company-search does not return revenue per-row; filtered server-side via revenue.min=1,000,000)",Events Services,not assessed this run -- no fixed_signals defined yet for this vertical,yes,
Pininfarina SpA,pininfarina.com,https://www.linkedin.com/company/pininfarina,Cambiano,Italy,680,"n/a (Blitz company-search does not return revenue per-row; filtered server-side via revenue.min=1,000,000)",Design Services,not assessed this run -- no fixed_signals defined yet for this vertical,yes,
Kobie,kobie.com,https://www.linkedin.com/company/kobie,Saint Petersburg,United States,440,"n/a (Blitz company-search does not return revenue per-row; filtered server-side via revenue.min=1,000,000)",Marketing Services,not assessed this run -- no fixed_signals defined yet for this vertical,yes,
Stagwell,stagwellglobal.com,https://www.linkedin.com/company/stagwell,New York City,United States,10852,"n/a (Blitz company-search does not return revenue per-row; filtered server-side via revenue.min=1,000,000)",Advertising Services,not assessed this run -- no fixed_signals defined yet for this vertical,yes,Large global holding-company network -- included per widened-net instruction; note it will dominate any blanket people-search pull (see Progress Log).
iQuanti,iquanti.com,https://www.linkedin.com/company/iquanti-inc,Jersey City,United States,482,"n/a (Blitz company-search does not return revenue per-row; filtered server-side via revenue.min=1,000,000)",Advertising Services,not assessed this run -- no fixed_signals defined yet for this vertical,yes,
McCANN New York,mccannny.com,https://www.linkedin.com/company/mccannnewyork,New York,United States,355,"n/a (Blitz company-search does not return revenue per-row; filtered server-side via revenue.min=1,000,000)",Advertising Services,not assessed this run -- no fixed_signals defined yet for this vertical,yes,
Thornton Tomasetti,thorntontomasetti.com,https://www.linkedin.com/company/thornton-tomasetti,New York,United States,2230,"n/a (Blitz company-search does not return revenue per-row; filtered server-side via revenue.min=1,000,000)",Design Services,not assessed this run -- no fixed_signals defined yet for this vertical,yes,
MKTG,mktg.com,https://www.linkedin.com/company/mktg_inc,New York,United States,723,"n/a (Blitz company-search does not return revenue per-row; filtered server-side via revenue.min=1,000,000)",Advertising Services,not assessed this run -- no fixed_signals defined yet for this vertical,yes,
Seedtag,seedtag.com,https://www.linkedin.com/company/seedtag,New York,United States,730,"n/a (Blitz company-search does not return revenue per-row; filtered server-side via revenue.min=1,000,000)",Advertising Services,not assessed this run -- no fixed_signals defined yet for this vertical,yes,
Sgk,sgkinc.com,https://www.linkedin.com/company/sgk,Des Plaines,United States,6823,"n/a (Blitz company-search does not return revenue per-row; filtered server-side via revenue.min=1,000,000)",Advertising Services,not assessed this run -- no fixed_signals defined yet for this vertical,yes,
Circana,circana.com,https://www.linkedin.com/company/wearecircana,Chicago,United States,6258,"n/a (Blitz company-search does not return revenue per-row; filtered server-side via revenue.min=1,000,000)",Market Research,not assessed this run -- no fixed_signals defined yet for this vertical,yes,
Cision,cision.com,https://www.linkedin.com/company/cision,Chicago,United States,3885,"n/a (Blitz company-search does not return revenue per-row; filtered server-side via revenue.min=1,000,000)",Public Relations and Communications Services,not assessed this run -- no fixed_signals defined yet for this vertical,yes,
Business Wire,businesswire.com,https://www.linkedin.com/company/business-wire,San Francisco,United States,920,"n/a (Blitz company-search does not return revenue per-row; filtered server-side via revenue.min=1,000,000)",Public Relations and Communications Services,not assessed this run -- no fixed_signals defined yet for this vertical,yes,
Heatherwick Studio,heatherwick.com,https://www.linkedin.com/company/heatherwick-studio,London,United Kingdom,297,"n/a (Blitz company-search does not return revenue per-row; filtered server-side via revenue.min=1,000,000)",Design Services,not assessed this run -- no fixed_signals defined yet for this vertical,yes,
Two Circles,twocircles.com,https://www.linkedin.com/company/two-circles,London,United Kingdom,2924,"n/a (Blitz company-search does not return revenue per-row; filtered server-side via revenue.min=1,000,000)",Marketing Services,not assessed this run -- no fixed_signals defined yet for this vertical,yes,
Omd Usa,omd.com,https://www.linkedin.com/company/omd-usa,New York,United States,1400,"n/a (Blitz company-search does not return revenue per-row; filtered server-side via revenue.min=1,000,000)",Advertising Services,not assessed this run -- no fixed_signals defined yet for this vertical,yes,
Jack Morton Worldwide,jackmorton.com,https://www.linkedin.com/company/jack-morton-worldwide,Boston,United States,1461,"n/a (Blitz company-search does not return revenue per-row; filtered server-side via revenue.min=1,000,000)",Advertising Services,not assessed this run -- no fixed_signals defined yet for this vertical,yes,
Viral Nation,viralnation.com,https://www.linkedin.com/company/viralnationinc,New York,United States,552,"n/a (Blitz company-search does not return revenue per-row; filtered server-side via revenue.min=1,000,000)",Advertising Services,not assessed this run -- no fixed_signals defined yet for this vertical,yes,
Screaming Frog,screamingfrog.co.uk,https://www.linkedin.com/company/screaming-frog,Henley-On-Thames,United Kingdom,62,"n/a (Blitz company-search does not return revenue per-row; filtered server-side via revenue.min=1,000,000)",Advertising Services,not assessed this run -- no fixed_signals defined yet for this vertical,yes,
360i,360i.com,https://www.linkedin.com/company/360i,New York,United States,296,"n/a (Blitz company-search does not return revenue per-row; filtered server-side via revenue.min=1,000,000)",Advertising Services,not assessed this run -- no fixed_signals defined yet for this vertical,yes,
Money20 20,money2020.com,https://www.linkedin.com/company/money2020,New York,United States,435,"n/a (Blitz company-search does not return revenue per-row; filtered server-side via revenue.min=1,000,000)",Events Services,not assessed this run -- no fixed_signals defined yet for this vertical,yes,
GroundTruth,groundtruth.com,https://www.linkedin.com/company/groundtruthco,New York,United States,381,"n/a (Blitz company-search does not return revenue per-row; filtered server-side via revenue.min=1,000,000)",Advertising Services,not assessed this run -- no fixed_signals defined yet for this vertical,yes,
Hearts & Science,hearts-science.com,https://www.linkedin.com/company/hearts-science,New York,United States,1190,"n/a (Blitz company-search does not return revenue per-row; filtered server-side via revenue.min=1,000,000)",Advertising Services,not assessed this run -- no fixed_signals defined yet for this vertical,yes,
GMR Marketing,gmrmarketing.com,https://www.linkedin.com/company/gmr-marketing,New Berlin,United States,1677,"n/a (Blitz company-search does not return revenue per-row; filtered server-side via revenue.min=1,000,000)",Advertising Services,not assessed this run -- no fixed_signals defined yet for this vertical,yes,
TBWA\Media Arts Lab,mediaartslab.com,https://www.linkedin.com/company/tbwamedia-arts-lab,Los Angeles,United States,847,"n/a (Blitz company-search does not return revenue per-row; filtered server-side via revenue.min=1,000,000)",Advertising Services,not assessed this run -- no fixed_signals defined yet for this vertical,yes,
Event Organizers,eventorganizers.com,https://www.linkedin.com/company/eventorganizers,San Francisco | Stockholm,United States,2506,"n/a (Blitz company-search does not return revenue per-row; filtered server-side via revenue.min=1,000,000)",Events Services,not assessed this run -- no fixed_signals defined yet for this vertical,yes,
GUT,gut.agency,https://www.linkedin.com/company/gutagency,Miami,United States,585,"n/a (Blitz company-search does not return revenue per-row; filtered server-side via revenue.min=1,000,000)",Advertising Services,not assessed this run -- no fixed_signals defined yet for this vertical,yes,
Rai Pubblicità,raipubblicita.it,https://www.linkedin.com/company/raipubblicita,Milano,Italy,731,"n/a (Blitz company-search does not return revenue per-row; filtered server-side via revenue.min=1,000,000)",Advertising Services,not assessed this run -- no fixed_signals defined yet for this vertical,yes,
MiQ,wearemiq.com,https://www.linkedin.com/company/miq-digital,London,United Kingdom,2014,"n/a (Blitz company-search does not return revenue per-row; filtered server-side via revenue.min=1,000,000)",Advertising Services,not assessed this run -- no fixed_signals defined yet for this vertical,yes,
Iris London,iris-worldwide.com,https://www.linkedin.com/company/iris,London,United Kingdom,2396,"n/a (Blitz company-search does not return revenue per-row; filtered server-side via revenue.min=1,000,000)",Advertising Services,not assessed this run -- no fixed_signals defined yet for this vertical,yes,
Harte Hanks,hartehanks.com,https://www.linkedin.com/company/hartehanks,Chelmsford,United States,4279,"n/a (Blitz company-search does not return revenue per-row; filtered server-side via revenue.min=1,000,000)",Advertising Services,not assessed this run -- no fixed_signals defined yet for this vertical,yes,
MediaMint,mediamint.com,https://www.linkedin.com/company/mediamint,San Francisco,United States,2736,"n/a (Blitz company-search does not return revenue per-row; filtered server-side via revenue.min=1,000,000)",Advertising Services,not assessed this run -- no fixed_signals defined yet for this vertical,yes,
LiveRamp,liveramp.com,https://www.linkedin.com/company/liveramp,San Francisco,United States,1653,"n/a (Blitz company-search does not return revenue per-row; filtered server-side via revenue.min=1,000,000)",Advertising Services,not assessed this run -- no fixed_signals defined yet for this vertical,yes,
Hyve Group,hyve.group,https://www.linkedin.com/company/hyve-group-limited,London,United Kingdom,2261,"n/a (Blitz company-search does not return revenue per-row; filtered server-side via revenue.min=1,000,000)",Events Services,not assessed this run -- no fixed_signals defined yet for this vertical,yes,
M Science,mscience.com,https://www.linkedin.com/company/m-science-llc,New York,United States,203,"n/a (Blitz company-search does not return revenue per-row; filtered server-side via revenue.min=1,000,000)",Market Research,not assessed this run -- no fixed_signals defined yet for this vertical,yes,
The Writer,thewriter.com,https://www.linkedin.com/company/thewriterltd,London,United Kingdom,52,"n/a (Blitz company-search does not return revenue per-row; filtered server-side via revenue.min=1,000,000)",Advertising Services,not assessed this run -- no fixed_signals defined yet for this vertical,yes,
Print Magazine,printmag.com,https://www.linkedin.com/company/print-magazine,Austin,United States,300,"n/a (Blitz company-search does not return revenue per-row; filtered server-side via revenue.min=1,000,000)",Graphic Design,not assessed this run -- no fixed_signals defined yet for this vertical,yes,
Burson-Marsteller,burson-marsteller.com,https://www.linkedin.com/company/burson-marsteller,New York,United States,770,"n/a (Blitz company-search does not return revenue per-row; filtered server-side via revenue.min=1,000,000)",Public Relations and Communications Services,not assessed this run -- no fixed_signals defined yet for this vertical,yes,
Contentwriters,contentwriters.com,https://www.linkedin.com/company/content-writers,New York,United States,216,"n/a (Blitz company-search does not return revenue per-row; filtered server-side via revenue.min=1,000,000)",Marketing Services,not assessed this run -- no fixed_signals defined yet for this vertical,yes,
RAPP,rapp.com,https://www.linkedin.com/company/rapp,New York,United States,2293,"n/a (Blitz company-search does not return revenue per-row; filtered server-side via revenue.min=1,000,000)",Advertising Services,not assessed this run -- no fixed_signals defined yet for this vertical,yes,
WebFX,buff.ly,https://www.linkedin.com/company/webfxinc,Harrisburg,United States,1253,"n/a (Blitz company-search does not return revenue per-row; filtered server-side via revenue.min=1,000,000)",Advertising Services,not assessed this run -- no fixed_signals defined yet for this vertical,yes,
Smart Design,smartdesignworldwide.com,https://www.linkedin.com/company/smart-design,New York,United States,1109,"n/a (Blitz company-search does not return revenue per-row; filtered server-side via revenue.min=1,000,000)",Design Services,not assessed this run -- no fixed_signals defined yet for this vertical,yes,
JKR,jkrglobal.com,https://www.linkedin.com/company/jkr,London,United Kingdom,684,"n/a (Blitz company-search does not return revenue per-row; filtered server-side via revenue.min=1,000,000)",Design Services,not assessed this run -- no fixed_signals defined yet for this vertical,yes,
TripleLift,triplelift.com,https://www.linkedin.com/company/triplelift,New York,United States,366,"n/a (Blitz company-search does not return revenue per-row; filtered server-side via revenue.min=1,000,000)",Advertising Services,not assessed this run -- no fixed_signals defined yet for this vertical,yes,
BAGGU,baggu.com,https://www.linkedin.com/company/baggu,San Francisco,United States,223,"n/a (Blitz company-search does not return revenue per-row; filtered server-side via revenue.min=1,000,000)",Design Services,not assessed this run -- no fixed_signals defined yet for this vertical,yes,
Fiera Milano SpA,fieramilano.it,https://www.linkedin.com/company/fiera-milano-spa,Rho,Italy,747,"n/a (Blitz company-search does not return revenue per-row; filtered server-side via revenue.min=1,000,000)",Events Services,not assessed this run -- no fixed_signals defined yet for this vertical,yes,
160over90,160over90.com,https://www.linkedin.com/company/160over90,New York,United States,888,"n/a (Blitz company-search does not return revenue per-row; filtered server-side via revenue.min=1,000,000)",Advertising Services,not assessed this run -- no fixed_signals defined yet for this vertical,yes,
Spectrum Science,spectrumscience.com,https://www.linkedin.com/company/spectrumscience,Washington,United States,432,"n/a (Blitz company-search does not return revenue per-row; filtered server-side via revenue.min=1,000,000)",Advertising Services,not assessed this run -- no fixed_signals defined yet for this vertical,yes,
Geometry Global,geometry.com,https://www.linkedin.com/company/geometry-global,New York,United States,563,"n/a (Blitz company-search does not return revenue per-row; filtered server-side via revenue.min=1,000,000)",Advertising Services,not assessed this run -- no fixed_signals defined yet for this vertical,yes,
NoGood,nogood.io,https://www.linkedin.com/company/nogood,New York,United States,105,"n/a (Blitz company-search does not return revenue per-row; filtered server-side via revenue.min=1,000,000)",Advertising Services,not assessed this run -- no fixed_signals defined yet for this vertical,yes,
LoopMe,loopme.ai,https://www.linkedin.com/company/loopme,London,United Kingdom,436,"n/a (Blitz company-search does not return revenue per-row; filtered server-side via revenue.min=1,000,000)",Advertising Services,not assessed this run -- no fixed_signals defined yet for this vertical,yes,
Omnicom Media UK,omnicommediagroup.com,https://www.linkedin.com/company/omnicommedia-uk,London,United Kingdom,1931,"n/a (Blitz company-search does not return revenue per-row; filtered server-side via revenue.min=1,000,000)",Advertising Services,not assessed this run -- no fixed_signals defined yet for this vertical,yes,
Deutsch,deutschla.com,https://www.linkedin.com/company/deutsch,Los Angeles,United States,339,"n/a (Blitz company-search does not return revenue per-row; filtered server-side via revenue.min=1,000,000)",Advertising Services,not assessed this run -- no fixed_signals defined yet for this vertical,yes,
Quad,quad.com,https://www.linkedin.com/company/quadgraphics,Sussex,United States,10287,"n/a (Blitz company-search does not return revenue per-row; filtered server-side via revenue.min=1,000,000)",Advertising Services,not assessed this run -- no fixed_signals defined yet for this vertical,yes,Large global holding-company network -- included per widened-net instruction; note it will dominate any blanket people-search pull (see Progress Log).
"MediaRadar, Inc.",mediaradar.com,https://www.linkedin.com/company/mediaradar-inc-,New York,United States,660,"n/a (Blitz company-search does not return revenue per-row; filtered server-side via revenue.min=1,000,000)",Marketing Services,not assessed this run -- no fixed_signals defined yet for this vertical,yes,
Hibu,hibu.com,https://www.linkedin.com/company/hibu,Cedar Rapids,United States,4592,"n/a (Blitz company-search does not return revenue per-row; filtered server-side via revenue.min=1,000,000)",Marketing Services,not assessed this run -- no fixed_signals defined yet for this vertical,yes,
FINN Partners,finnpartners.com,https://www.linkedin.com/company/finn-partners,New York,United States,1131,"n/a (Blitz company-search does not return revenue per-row; filtered server-side via revenue.min=1,000,000)",Advertising Services,not assessed this run -- no fixed_signals defined yet for this vertical,yes,
Marks,makemarks.com,https://www.linkedin.com/company/marksglobal,Chicago,United States,1220,"n/a (Blitz company-search does not return revenue per-row; filtered server-side via revenue.min=1,000,000)",Design Services,not assessed this run -- no fixed_signals defined yet for this vertical,yes,
George P Johnson Experience Marketing,gpj.com,https://www.linkedin.com/company/george-p-johnson,Auburn Hills,United States,1751,"n/a (Blitz company-search does not return revenue per-row; filtered server-side via revenue.min=1,000,000)",Advertising Services,not assessed this run -- no fixed_signals defined yet for this vertical,yes,
Best Version Media,bestversionmedia.com,https://www.linkedin.com/company/best-version-media,Brookfield,United States,2623,"n/a (Blitz company-search does not return revenue per-row; filtered server-side via revenue.min=1,000,000)",Marketing Services,not assessed this run -- no fixed_signals defined yet for this vertical,yes,
Adtheorent,adtheorent.com,https://www.linkedin.com/company/adtheorent,New York,United States,64,"n/a (Blitz company-search does not return revenue per-row; filtered server-side via revenue.min=1,000,000)",Advertising Services,not assessed this run -- no fixed_signals defined yet for this vertical,yes,
Dragon Rouge,dragonrouge.com,https://www.linkedin.com/company/dragon-rouge,Paris,France,366,"n/a (Blitz company-search does not return revenue per-row; filtered server-side via revenue.min=1,000,000)",Design Services,not assessed this run -- no fixed_signals defined yet for this vertical,yes,
My Amazon Guy,myamazonguy.com,https://www.linkedin.com/company/my-amazon-guy,Atlanta,United States,1475,"n/a (Blitz company-search does not return revenue per-row; filtered server-side via revenue.min=1,000,000)",Advertising Services,not assessed this run -- no fixed_signals defined yet for this vertical,yes,
Sensor Tower,sensortower.com,https://www.linkedin.com/company/sensor-tower,San Francisco,United States,461,"n/a (Blitz company-search does not return revenue per-row; filtered server-side via revenue.min=1,000,000)",Market Research,not assessed this run -- no fixed_signals defined yet for this vertical,yes,
1000heads,1000heads.com,https://www.linkedin.com/company/1000heads,London,United Kingdom,399,"n/a (Blitz company-search does not return revenue per-row; filtered server-side via revenue.min=1,000,000)",Advertising Services,not assessed this run -- no fixed_signals defined yet for this vertical,yes,
Ayzenberg,ayzenberg.com,https://www.linkedin.com/company/ayzenberg,Los Angeles,United States,170,"n/a (Blitz company-search does not return revenue per-row; filtered server-side via revenue.min=1,000,000)",Advertising Services,not assessed this run -- no fixed_signals defined yet for this vertical,yes,
Csm Sport & Entertainment,csm.com,https://www.linkedin.com/company/csm-sport-entertainment,London,United Kingdom,156,"n/a (Blitz company-search does not return revenue per-row; filtered server-side via revenue.min=1,000,000)",Marketing Services,not assessed this run -- no fixed_signals defined yet for this vertical,yes,
GES - Global Experience Specialists,ges.com,https://www.linkedin.com/company/gesglobal,Las Vegas,United States,3247,"n/a (Blitz company-search does not return revenue per-row; filtered server-side via revenue.min=1,000,000)",Events Services,not assessed this run -- no fixed_signals defined yet for this vertical,yes,
Spring Studios,springstudios.com,https://www.linkedin.com/company/spring-studios,London,United Kingdom,255,"n/a (Blitz company-search does not return revenue per-row; filtered server-side via revenue.min=1,000,000)",Marketing Services,not assessed this run -- no fixed_signals defined yet for this vertical,yes,
The Channel Company,thechannelco.com,https://www.linkedin.com/company/the-channel-company,Needham,United States,548,"n/a (Blitz company-search does not return revenue per-row; filtered server-side via revenue.min=1,000,000)",Advertising Services,not assessed this run -- no fixed_signals defined yet for this vertical,yes,
Day One Agency,d1a.com,https://www.linkedin.com/company/day-one-agency,New York,United States,276,"n/a (Blitz company-search does not return revenue per-row; filtered server-side via revenue.min=1,000,000)",Advertising Services,not assessed this run -- no fixed_signals defined yet for this vertical,yes,
Reprise Digital,reprisedigital.com,https://www.linkedin.com/company/reprise-digital,New York,United States,506,"n/a (Blitz company-search does not return revenue per-row; filtered server-side via revenue.min=1,000,000)",Advertising Services,not assessed this run -- no fixed_signals defined yet for this vertical,yes,
Zimmerman Advertising,zadv.com,https://www.linkedin.com/company/zimmerman-advertising,Fort Lauderdale,United States,538,"n/a (Blitz company-search does not return revenue per-row; filtered server-side via revenue.min=1,000,000)",Advertising Services,not assessed this run -- no fixed_signals defined yet for this vertical,yes,
Goodby Silverstein & Partners,goodbysilverstein.com,https://www.linkedin.com/company/goodby-silverstein-&-partners,San Francisco,United States,323,"n/a (Blitz company-search does not return revenue per-row; filtered server-side via revenue.min=1,000,000)",Advertising Services,not assessed this run -- no fixed_signals defined yet for this vertical,yes,
Carat Usa,carat.com,https://www.linkedin.com/company/carat-usa,New York,United States,340,"n/a (Blitz company-search does not return revenue per-row; filtered server-side via revenue.min=1,000,000)",Advertising Services,not assessed this run -- no fixed_signals defined yet for this vertical,yes,
Moloco,moloco.com,https://www.linkedin.com/company/moloco,Menlo Park,United States,972,"n/a (Blitz company-search does not return revenue per-row; filtered server-side via revenue.min=1,000,000)",Advertising Services,not assessed this run -- no fixed_signals defined yet for this vertical,yes,
AffinityX,affinityx.com,https://www.linkedin.com/company/affinityxinc,Elgin,United States,2194,"n/a (Blitz company-search does not return revenue per-row; filtered server-side via revenue.min=1,000,000)",Advertising Services,not assessed this run -- no fixed_signals defined yet for this vertical,yes,
Publicis Health,publicishealth.com,https://www.linkedin.com/company/publicishealth,New York,United States,2691,"n/a (Blitz company-search does not return revenue per-row; filtered server-side via revenue.min=1,000,000)",Advertising Services,not assessed this run -- no fixed_signals defined yet for this vertical,yes,
Google Adsense,google.com,https://www.linkedin.com/company/google-adsense,Mountain View,United States,3775,"n/a (Blitz company-search does not return revenue per-row; filtered server-side via revenue.min=1,000,000)",Advertising Services,not assessed this run -- no fixed_signals defined yet for this vertical,no,"MISTAG: this is a Google ad product, not an independent company -- excluded."
Rosa Paris,rosaparis.com,https://www.linkedin.com/company/rosaparis-agency,,France,140,"n/a (Blitz company-search does not return revenue per-row; filtered server-side via revenue.min=1,000,000)",Advertising Services,not assessed this run -- no fixed_signals defined yet for this vertical,yes,
Imagination,imagination.com,https://www.linkedin.com/company/imaginationglbl,London,United Kingdom,892,"n/a (Blitz company-search does not return revenue per-row; filtered server-side via revenue.min=1,000,000)",Events Services,not assessed this run -- no fixed_signals defined yet for this vertical,yes,
Kynetec,kynetec.com,https://www.linkedin.com/company/kynetec,Weston,United Kingdom,912,"n/a (Blitz company-search does not return revenue per-row; filtered server-side via revenue.min=1,000,000)",Market Research,not assessed this run -- no fixed_signals defined yet for this vertical,yes,
COLLINS,wearecollins.com,https://www.linkedin.com/company/collins-,New York,United States,297,"n/a (Blitz company-search does not return revenue per-row; filtered server-side via revenue.min=1,000,000)",Design Services,not assessed this run -- no fixed_signals defined yet for this vertical,yes,
Lilo Social,lilosocial.com,https://www.linkedin.com/company/lilosocial,New York,United States,109,"n/a (Blitz company-search does not return revenue per-row; filtered server-side via revenue.min=1,000,000)",Advertising Services,not assessed this run -- no fixed_signals defined yet for this vertical,yes,
Hunter,hunterpr.com,https://www.linkedin.com/company/hunterny,New York,United States,1064,"n/a (Blitz company-search does not return revenue per-row; filtered server-side via revenue.min=1,000,000)",Public Relations and Communications Services,not assessed this run -- no fixed_signals defined yet for this vertical,yes,
BLKBOX.ai,blkbox.ai,https://www.linkedin.com/company/blkbox-ai,Austin,United States,80,"n/a (Blitz company-search does not return revenue per-row; filtered server-side via revenue.min=1,000,000)",Advertising Services,not assessed this run -- no fixed_signals defined yet for this vertical,yes,
Samsung Ads,samsungads.com,https://www.linkedin.com/company/samsung-ads,New York,United States,1120,"n/a (Blitz company-search does not return revenue per-row; filtered server-side via revenue.min=1,000,000)",Advertising Services,not assessed this run -- no fixed_signals defined yet for this vertical,yes,
Prnews,prnewsonline.com,https://www.linkedin.com/company/pr-news,Rockville,United States,188,"n/a (Blitz company-search does not return revenue per-row; filtered server-side via revenue.min=1,000,000)",Public Relations and Communications Services,not assessed this run -- no fixed_signals defined yet for this vertical,yes,
Analytic Partners,analyticpartners.com,https://www.linkedin.com/company/analytic-partners,Miami,United States,629,"n/a (Blitz company-search does not return revenue per-row; filtered server-side via revenue.min=1,000,000)",Advertising Services,not assessed this run -- no fixed_signals defined yet for this vertical,yes,
The Npd Group,npd.com,https://www.linkedin.com/company/the-npd-group,Port Washington,United States,629,"n/a (Blitz company-search does not return revenue per-row; filtered server-side via revenue.min=1,000,000)",Market Research,not assessed this run -- no fixed_signals defined yet for this vertical,yes,
"Fluent, Inc",fluentco.com,https://www.linkedin.com/company/fluentinc,New York,United States,245,"n/a (Blitz company-search does not return revenue per-row; filtered server-side via revenue.min=1,000,000)",Advertising Services,not assessed this run -- no fixed_signals defined yet for this vertical,yes,
PulsePoint,pulsepoint.com,https://www.linkedin.com/company/pulsepoint,New York,United States,321,"n/a (Blitz company-search does not return revenue per-row; filtered server-side via revenue.min=1,000,000)",Advertising Services,not assessed this run -- no fixed_signals defined yet for this vertical,yes,
Imex,imexexhibitions.com,https://www.linkedin.com/company/imex,Hove,United Kingdom,621,"n/a (Blitz company-search does not return revenue per-row; filtered server-side via revenue.min=1,000,000)",Events Services,not assessed this run -- no fixed_signals defined yet for this vertical,yes,
Ragan Communications and PR Daily,ragan.com,https://www.linkedin.com/company/ragan-communications,Chicago,United States,134,"n/a (Blitz company-search does not return revenue per-row; filtered server-side via revenue.min=1,000,000)",Public Relations and Communications Services,not assessed this run -- no fixed_signals defined yet for this vertical,yes,
APO Group,apo-opa.com,https://www.linkedin.com/company/african-press-organization,Lausanne,Switzerland,172,"n/a (Blitz company-search does not return revenue per-row; filtered server-side via revenue.min=1,000,000)",Public Relations and Communications Services,not assessed this run -- no fixed_signals defined yet for this vertical,yes,
Hawke Media,hawkemedia.com,https://www.linkedin.com/company/hawkemedia,Santa Monica,United States,237,"n/a (Blitz company-search does not return revenue per-row; filtered server-side via revenue.min=1,000,000)",Advertising Services,not assessed this run -- no fixed_signals defined yet for this vertical,yes,
Clarion Events Inc. - North America,clarionevents.com,https://www.linkedin.com/company/clarioneventsna,Shelton,United States,244,"n/a (Blitz company-search does not return revenue per-row; filtered server-side via revenue.min=1,000,000)",Events Services,not assessed this run -- no fixed_signals defined yet for this vertical,yes,
Quantified Commerce,quantifiedcommerce.com,https://www.linkedin.com/company/quantifiedcommerce,,United States,44,"n/a (Blitz company-search does not return revenue per-row; filtered server-side via revenue.min=1,000,000)",Advertising Services,not assessed this run -- no fixed_signals defined yet for this vertical,yes,
FIRST,firstagency.com,https://www.linkedin.com/company/firstglobalagency,New York,United States,1158,"n/a (Blitz company-search does not return revenue per-row; filtered server-side via revenue.min=1,000,000)",Events Services,not assessed this run -- no fixed_signals defined yet for this vertical,yes,
In Marketing,inconnectedmarketing.com,https://www.linkedin.com/company/in-marketing-services,Stamford,United States,369,"n/a (Blitz company-search does not return revenue per-row; filtered server-side via revenue.min=1,000,000)",Advertising Services,not assessed this run -- no fixed_signals defined yet for this vertical,yes,
Warc,warc.com,https://www.linkedin.com/company/warc,London,United Kingdom,140,"n/a (Blitz company-search does not return revenue per-row; filtered server-side via revenue.min=1,000,000)",Advertising Services,not assessed this run -- no fixed_signals defined yet for this vertical,yes,
Aquent Studios,aquentstudios.com,https://www.linkedin.com/company/aquent-studios,Boston,United States,379,"n/a (Blitz company-search does not return revenue per-row; filtered server-side via revenue.min=1,000,000)",Design Services,not assessed this run -- no fixed_signals defined yet for this vertical,yes,
Clarion Events,clarionevents.com,https://www.linkedin.com/company/clarion-events_2,London,United Kingdom,791,"n/a (Blitz company-search does not return revenue per-row; filtered server-side via revenue.min=1,000,000)",Events Services,not assessed this run -- no fixed_signals defined yet for this vertical,yes,
Marketingprofs,marketingprofs.com,https://www.linkedin.com/company/marketing-profs,Mount Pleasant,United States,84,"n/a (Blitz company-search does not return revenue per-row; filtered server-side via revenue.min=1,000,000)",Advertising Services,not assessed this run -- no fixed_signals defined yet for this vertical,yes,
Cphi,cphi.com,https://www.linkedin.com/company/cphi,Amsterdam,Netherlands,33,"n/a (Blitz company-search does not return revenue per-row; filtered server-side via revenue.min=1,000,000)",Events Services,not assessed this run -- no fixed_signals defined yet for this vertical,yes,
Brainlabs,brainlabsdigital.com,https://www.linkedin.com/company/brainlabs-digital,New York,United States,1059,"n/a (Blitz company-search does not return revenue per-row; filtered server-side via revenue.min=1,000,000)",Advertising Services,not assessed this run -- no fixed_signals defined yet for this vertical,yes,
Shoptalk,shoptalk.com,https://www.linkedin.com/company/shoptalk,New York,United States,263,"n/a (Blitz company-search does not return revenue per-row; filtered server-side via revenue.min=1,000,000)",Events Services,not assessed this run -- no fixed_signals defined yet for this vertical,yes,
Pr Newswire,prnewswire.com,https://www.linkedin.com/company/pr-newswire,Chicago,United States,1113,"n/a (Blitz company-search does not return revenue per-row; filtered server-side via revenue.min=1,000,000)",Public Relations and Communications Services,not assessed this run -- no fixed_signals defined yet for this vertical,yes,
Kelly Wearstler,kellywearstler.com,https://www.linkedin.com/company/kelly-wearstler,Los Angeles,United States,83,"n/a (Blitz company-search does not return revenue per-row; filtered server-side via revenue.min=1,000,000)",Design Services,not assessed this run -- no fixed_signals defined yet for this vertical,yes,
Syska Hennessy Group,syska.com,https://www.linkedin.com/company/syska-hennessy-group,,United States,847,"n/a (Blitz company-search does not return revenue per-row; filtered server-side via revenue.min=1,000,000)",Design Services,not assessed this run -- no fixed_signals defined yet for this vertical,yes,
Ringcentral Events,hopin.com,https://www.linkedin.com/company/ringcentralevents,Belmont,United States,230,"n/a (Blitz company-search does not return revenue per-row; filtered server-side via revenue.min=1,000,000)",Events Services,not assessed this run -- no fixed_signals defined yet for this vertical,yes,
WongDoody,wongdoody.com,https://www.linkedin.com/company/wongdoody,New York,United States,928,"n/a (Blitz company-search does not return revenue per-row; filtered server-side via revenue.min=1,000,000)",Design Services,not assessed this run -- no fixed_signals defined yet for this vertical,yes,
Service Design Network,service-design-network.org,https://www.linkedin.com/company/service-design-network,Cologne,Germany,104,"n/a (Blitz company-search does not return revenue per-row; filtered server-side via revenue.min=1,000,000)",Design Services,not assessed this run -- no fixed_signals defined yet for this vertical,yes,
Clear Channel Outdoor,clearchanneloutdoor.com,https://www.linkedin.com/company/clear-channel-outdoor,New York,United States,2499,"n/a (Blitz company-search does not return revenue per-row; filtered server-side via revenue.min=1,000,000)",Advertising Services,not assessed this run -- no fixed_signals defined yet for this vertical,yes,
Possible,possible.com,https://www.linkedin.com/company/possible-com,Seattle,United States,216,"n/a (Blitz company-search does not return revenue per-row; filtered server-side via revenue.min=1,000,000)",Advertising Services,not assessed this run -- no fixed_signals defined yet for this vertical,yes,
Amv Bbdo,amvbbdo.com,https://www.linkedin.com/company/amv-bbdo,London,United Kingdom,581,"n/a (Blitz company-search does not return revenue per-row; filtered server-side via revenue.min=1,000,000)",Advertising Services,not assessed this run -- no fixed_signals defined yet for this vertical,yes,
Tinuiti,tinuiti.com,https://www.linkedin.com/company/tinuiti,New York,United States,1248,"n/a (Blitz company-search does not return revenue per-row; filtered server-side via revenue.min=1,000,000)",Advertising Services,not assessed this run -- no fixed_signals defined yet for this vertical,yes,
Canvas Worldwide,canvasworldwide.com,https://www.linkedin.com/company/canvas-worldwide,Los Angeles,United States,632,"n/a (Blitz company-search does not return revenue per-row; filtered server-side via revenue.min=1,000,000)",Advertising Services,not assessed this run -- no fixed_signals defined yet for this vertical,yes,
Townsquare Media,townsquaremedia.com,https://www.linkedin.com/company/townsquare-media,Purchase,United States,1891,"n/a (Blitz company-search does not return revenue per-row; filtered server-side via revenue.min=1,000,000)",Advertising Services,not assessed this run -- no fixed_signals defined yet for this vertical,yes,
Saatchi & Saatchi Health,saatchiwellness.com,https://www.linkedin.com/company/saatchihealth,New York,United States,303,"n/a (Blitz company-search does not return revenue per-row; filtered server-side via revenue.min=1,000,000)",Advertising Services,not assessed this run -- no fixed_signals defined yet for this vertical,yes,
DUDE,dude.it,https://www.linkedin.com/company/dude-it,Milano,Italy,443,"n/a (Blitz company-search does not return revenue per-row; filtered server-side via revenue.min=1,000,000)",Advertising Services,not assessed this run -- no fixed_signals defined yet for this vertical,yes,
eLocal,elocal.com,https://www.linkedin.com/company/elocal,Conshohocken,United States,224,"n/a (Blitz company-search does not return revenue per-row; filtered server-side via revenue.min=1,000,000)",Advertising Services,not assessed this run -- no fixed_signals defined yet for this vertical,yes,
Siegel Gale,siegelgale.com,https://www.linkedin.com/company/siegel-gale,New York,United States,176,"n/a (Blitz company-search does not return revenue per-row; filtered server-side via revenue.min=1,000,000)",Marketing Services,not assessed this run -- no fixed_signals defined yet for this vertical,yes,
Ruder Finn,ruderfinn.com,https://www.linkedin.com/company/ruder-finn,New York,United States,976,"n/a (Blitz company-search does not return revenue per-row; filtered server-side via revenue.min=1,000,000)",Public Relations and Communications Services,not assessed this run -- no fixed_signals defined yet for this vertical,yes,
M Booth,mbooth.com,https://www.linkedin.com/company/m-booth,New York,United States,409,"n/a (Blitz company-search does not return revenue per-row; filtered server-side via revenue.min=1,000,000)",Public Relations and Communications Services,not assessed this run -- no fixed_signals defined yet for this vertical,yes,
Portland,portland-communications.com,https://www.linkedin.com/company/portland-communications,London,United Kingdom,397,"n/a (Blitz company-search does not return revenue per-row; filtered server-side via revenue.min=1,000,000)",Public Relations and Communications Services,not assessed this run -- no fixed_signals defined yet for this vertical,yes,
SocialChain,socialchain.com,https://www.linkedin.com/company/socialchain-agency,,United Kingdom,153,"n/a (Blitz company-search does not return revenue per-row; filtered server-side via revenue.min=1,000,000)",Advertising Services,not assessed this run -- no fixed_signals defined yet for this vertical,yes,
Innovid,innovid.com,https://www.linkedin.com/company/innovid,New York,United States,798,"n/a (Blitz company-search does not return revenue per-row; filtered server-side via revenue.min=1,000,000)",Advertising Services,not assessed this run -- no fixed_signals defined yet for this vertical,yes,
